{
    "Washer 1": {
        "t0": {
            "id": "Washer 1",
            "completed": true,
            "task": "Visible contamination in heater tanks",
            "description": "Visible contamination in heater tanks"
        },
        "t1": {
            "id": "Washer 1",
            "completed": false,
            "task": "Visible contamination in heater tanks",
            "description": "Visible contamination in heater tanks"
        },
        "t12": {
            "id": "Washer 1",
            "completed": false,
            "task": "Noise from motors/chains",
            "description": "Noise from motors/chains"
        },
        "t54": {
            "id": "Washer 1",
            "completed": false,
            "task": "this is another new task",
            "description": "this is another new task"
        }
    },
    "STL": {
        "t0": {
            "id": "STL",
            "completed": false,
            "task": "Glass Chips",
            "description": "Glass Chips"
        },
        "t1": {
            "id": "STL",
            "completed": false,
            "task": "Harp alignment to backboard",
            "description": "Harp alignment to backboard"
        },
        "t2": {
            "id": "STL",
            "completed": true,
            "task": "Glass tracking into harp",
            "description": "Glass tracking into harp"
        },
        "t3": {
            "id": "STL",
            "completed": false,
            "task": "Glass Hitting Strings",
            "description": "Glass Hitting Strings"
        },
        "t4": {
            "id": "STL",
            "completed": false,
            "task": "Shavings On Plastic Covers Over Strings",
            "description": "Shavings On Plastic Covers Over Strings"
        },
        "t15": {
            "id": "STL",
            "completed": false,
            "task": "test",
            "description": "et"
        },
        "t16": {
            "id": "STL",
            "completed": false,
            "task": "t",
            "description": "t"
        },
        "t17": {
            "id": "STL",
            "completed": false,
            "task": "t",
            "description": "t"
        },
        "t18": {
            "id": "STL",
            "completed": false,
            "task": "t",
            "description": "t"
        },
        "t19": {
            "id": "STL",
            "completed": false,
            "task": "t",
            "description": "t"
        }
    },
    "Secondary Seal": {
        "t0": {
            "id": "Secondary Seal",
            "completed": true,
            "task": "Crane pendent not twisted",
            "description": "Crane pendent not twisted  h"
        }
    }
}